[
{
    "model": "accounts.userprofile",
    "pk": 1,
    "fields": {
        "created_date": "2017-03-22T10:28:12.571Z",
        "modified_date": "2017-03-22T10:28:12.571Z",
        "deleted_date": null,
        "client": null,
        "user": 1,
        "limit": 20,
        "label": ""
    }
},
{
    "model": "resume.url",
    "pk": 1,
    "fields": {
        "created_date": "2017-03-22T10:29:09.695Z",
        "modified_date": "2017-03-22T10:29:09.695Z",
        "deleted_date": null,
        "category": "contributions",
        "url": "https://github.com/atifh"
    }
},
{
    "model": "resume.url",
    "pk": 2,
    "fields": {
        "created_date": "2017-03-22T10:29:10.100Z",
        "modified_date": "2017-03-22T10:29:10.100Z",
        "deleted_date": null,
        "category": "blog",
        "url": "https://aircto.com/blog/"
    }
},
{
    "model": "resume.url",
    "pk": 3,
    "fields": {
        "created_date": "2017-03-22T10:29:10.169Z",
        "modified_date": "2017-03-22T10:29:10.169Z",
        "deleted_date": null,
        "category": "others",
        "url": "http://atifhaider.com/"
    }
},
{
    "model": "resume.url",
    "pk": 4,
    "fields": {
        "created_date": "2017-03-22T10:29:10.231Z",
        "modified_date": "2017-03-22T10:29:10.231Z",
        "deleted_date": null,
        "category": "forums",
        "url": "http://stackoverflow.com/users/56183/aatifh"
    }
},
{
    "model": "resume.skill",
    "pk": 1,
    "fields": {
        "created_date": "2017-03-22T10:29:31.738Z",
        "modified_date": "2017-03-22T10:29:31.738Z",
        "deleted_date": null,
        "name": "javascript",
        "slug": "javascript"
    }
},
{
    "model": "resume.skill",
    "pk": 2,
    "fields": {
        "created_date": "2017-03-22T10:29:31.787Z",
        "modified_date": "2017-03-22T10:29:31.787Z",
        "deleted_date": null,
        "name": "reactjs",
        "slug": "reactjs"
    }
},
{
    "model": "resume.skill",
    "pk": 3,
    "fields": {
        "created_date": "2017-03-22T10:29:31.831Z",
        "modified_date": "2017-03-22T10:29:31.831Z",
        "deleted_date": null,
        "name": "angular",
        "slug": "angular"
    }
},
{
    "model": "resume.skill",
    "pk": 4,
    "fields": {
        "created_date": "2017-03-22T10:29:31.872Z",
        "modified_date": "2017-03-22T10:29:31.872Z",
        "deleted_date": null,
        "name": "mongodb",
        "slug": "mongodb"
    }
},
{
    "model": "resume.skill",
    "pk": 5,
    "fields": {
        "created_date": "2017-03-22T10:29:31.906Z",
        "modified_date": "2017-03-22T10:29:31.906Z",
        "deleted_date": null,
        "name": "redis",
        "slug": "redis"
    }
},
{
    "model": "resume.trialuser",
    "pk": 1,
    "fields": {
        "created_date": "2017-03-22T10:31:08.035Z",
        "modified_date": "2017-03-22T10:31:08.035Z",
        "deleted_date": null,
        "email_address": "sample@aircto.com"
    }
},
{
    "model": "resume.resume",
    "pk": "0bdafba6-d046-48cc-9127-5e53b6056600",
    "fields": {
        "created_date": "2017-03-22T10:28:58.883Z",
        "modified_date": "2017-03-22T10:31:18.782Z",
        "deleted_date": null,
        "user": null,
        "trial_user": 1,
        "parse_status": 1,
        "file_name": "peter_doe_resume.pdf",
        "content_hash": "259549061190233523847110494196353549873",
        "content": "\n\n\n\n\n\n\n\n\n\n\n\n\n\n\n\n\n\n\n\n\n\n\n\n\n\n\n\n\n\n\n650796-fbe9530f9b784f8f1af0476b716985da\n\n\n \n\n \n\n \nCAREER OBJECTIVE \n\nTo work efficiently and effectively, fulfilling my responsibilities, as a team member, as well as an \nindividual in the organization, with my utmost effort. \n\nBASIC ACADEMIC CREDENTIALS  \n\nTECHNICAL SKILLS \n\n\u2756 Programming Languages:- Java \n\n\u2756 Spring and Hibernate \n\n\u2756 JavaScript \n\n\u2756 Database: Oracle \n\n\u2756 Tools Known: Eclipse, IntelliJ IDEA, SQL Developer, Eclipse, Altova XmlSpy, Sublime Text \n\n\u2756 Operating Systems: Windows XP, Windows 7&8, Linux \n\nQualification Board/University Year Percentage\n\nB.E.(Electronics and \nCommunication \n\nEngineering)\n\n       ACS College of Engineering \nVisveswaraya Technological University 2015 68.97\n\n2nd PUC(12th)\n                  GPUC for Boys \n      Karnataka Pre-University Board 2011 74.50\n\nSSLC\n                  GPUC for Boys \n\nKarnataka Secondary Education \nExamination  Board\n\n2009 90.24\n\nPresent Address: \n\n#933, 12th block , 2nd Stage \nIndira nagar, Bengaluru \nKarnataka-560075. \n\nPeter Doe \nB.E.,Electronics and communication engineering. \nContact No. : 9912739999 \nE-mail:  peter.doe121@gmail.com\n\n\n\n\n\nAREAS OF INTEREST \n\n\u2756 Frontend Development \n\n\u2756 Android and Mobile Apps Development \n\n\u2756 Data Analytics \n\n\u2756 Mobile Communication \n\nWORK EXPERIENCE  \n\nI have a total experience of 2.5 years on the front-end and back-end development technologies. \n\nSoftware Developer, Airline Ticketing(Open Systems), Sabre Travel \nTechnologies \n\n\u2022 Project: Enhancement of TktDoc Search Parameters for T2 Open Systems \n\u2028\nEnvironment: Java, Oracle, Spring., Hibernate, JavaScript, Reactjs, Angularjs, Jquery, Mongodb \n\nRole: Software Developer \n\u2028\nDescription: The project includes the enhancement of search utilities and parameter for searching and \nretrieving the ticket documents through WS, which was lagging behind in search options compared to \nthat of PSS green screen. This helps the customers to search the ticket very easy and get the exact \nticket document using filtering. \n\n\u2022 Project: Historical ticket manager \n\nEnvironment: Java, Oracle, Spring and Hibernate \n\nRole: Software Developer \n\nDescription: The project includes the system design to persist the ticketing data to new DB that will \nbe thrashed after every 13 months of issuance of the ticket \n\n\u2022 Project: Designing a Configuration Updater and Vendor Table viewer. \n\nEnvironment: Java, JavaScript \n\nRole: Software Developer \n\nDescription: The project includes the up gradation of the ticketing portal to support the display and \nmanipulation of the configuration tables and IET Vendor tables, which is a crucial task for the \nactivation team. \n\n. \n\n\n\nACADEMIC PROJECT \n     \n\n\u2756 Title of the project: Smart System Tracer (System on Chip) \n\n\u2756 Description: The project proposes an SoC which traces the bus signals to find the faults in the \nhardware  components like microprocessor, RAM, graphic card etc. This chip is \nmounted in the motherboard and all the bus signals are passed through the chip and the                                               \ntraces are stored in the on-chip memory for future analysis of the components. The code has been \nsimulated using Xilinx ISE. \n\n Applications:- Can be installed in Servers and Satellites \n\nSTRENGTHS \n\n\u2756 Ability to rapidly build relationship and set up trust. \n\n\u2756 Able to create a friendly working environment in the team. \n\n\u2756 Eager and able to learn things quick. \n\n\u2756 Confident and Determined \n\n\u2756 Ability to cope up with and handle different situations. \n\nDECLARATION  \n\nI do hereby declare that the above information is true to the best of my knowledge. \n\nLinks: \n\nhttps://github.com/atifh\n\nhttp://stackoverflow.com/users/56183/aatifh  \n\nhttps://aircto.com/blog/  \n\nhttp://atifhaider.com/ \n\nPlace: Bengaluru                                                     Peter Doe \nDate:           (Signature)  \n\n\n",
        "first_name": "peter",
        "last_name": "doe",
        "email": "peter.doe121@gmail.com",
        "phone_number": "",
        "experience": "2.5 years.",
        "urls": [
            4,
            3,
            2,
            1
        ],
        "scores": []
    }
},
{
    "model": "resume.resumeskills",
    "pk": 1,
    "fields": {
        "created_date": "2017-03-22T10:29:31.754Z",
        "modified_date": "2017-03-22T10:29:31.754Z",
        "deleted_date": null,
        "resume": "0bdafba6-d046-48cc-9127-5e53b6056600",
        "skill": 1,
        "is_matched": true
    }
},
{
    "model": "resume.resumeskills",
    "pk": 2,
    "fields": {
        "created_date": "2017-03-22T10:29:31.810Z",
        "modified_date": "2017-03-22T10:29:31.811Z",
        "deleted_date": null,
        "resume": "0bdafba6-d046-48cc-9127-5e53b6056600",
        "skill": 2,
        "is_matched": true
    }
},
{
    "model": "resume.resumeskills",
    "pk": 3,
    "fields": {
        "created_date": "2017-03-22T10:29:31.855Z",
        "modified_date": "2017-03-22T10:29:31.855Z",
        "deleted_date": null,
        "resume": "0bdafba6-d046-48cc-9127-5e53b6056600",
        "skill": 3,
        "is_matched": true
    }
},
{
    "model": "resume.resumeskills",
    "pk": 4,
    "fields": {
        "created_date": "2017-03-22T10:29:31.889Z",
        "modified_date": "2017-03-22T10:29:31.889Z",
        "deleted_date": null,
        "resume": "0bdafba6-d046-48cc-9127-5e53b6056600",
        "skill": 4,
        "is_matched": true
    }
},
{
    "model": "resume.resumeskills",
    "pk": 5,
    "fields": {
        "created_date": "2017-03-22T10:29:31.923Z",
        "modified_date": "2017-03-22T10:29:31.923Z",
        "deleted_date": null,
        "resume": "0bdafba6-d046-48cc-9127-5e53b6056600",
        "skill": 5,
        "is_matched": false
    }
},
{
    "model": "resume.tag",
    "pk": 1,
    "fields": {
        "created_date": "2017-03-22T10:29:20.090Z",
        "modified_date": "2017-03-22T10:29:20.090Z",
        "deleted_date": null,
        "tag": "python",
        "slug": "python"
    }
},
{
    "model": "resume.tag",
    "pk": 2,
    "fields": {
        "created_date": "2017-03-22T10:29:20.145Z",
        "modified_date": "2017-03-22T10:29:20.146Z",
        "deleted_date": null,
        "tag": "clojure",
        "slug": "clojure"
    }
},
{
    "model": "resume.tag",
    "pk": 3,
    "fields": {
        "created_date": "2017-03-22T10:29:20.202Z",
        "modified_date": "2017-03-22T10:29:20.202Z",
        "deleted_date": null,
        "tag": "any",
        "slug": "any"
    }
},
{
    "model": "resume.tag",
    "pk": 4,
    "fields": {
        "created_date": "2017-03-22T10:29:20.258Z",
        "modified_date": "2017-03-22T10:29:20.258Z",
        "deleted_date": null,
        "tag": "callback",
        "slug": "callback"
    }
},
{
    "model": "resume.tag",
    "pk": 5,
    "fields": {
        "created_date": "2017-03-22T10:29:20.313Z",
        "modified_date": "2017-03-22T10:29:20.313Z",
        "deleted_date": null,
        "tag": "functional-programming",
        "slug": "functional-programming"
    }
},
{
    "model": "resume.tag",
    "pk": 6,
    "fields": {
        "created_date": "2017-03-22T10:29:20.347Z",
        "modified_date": "2017-03-22T10:29:20.348Z",
        "deleted_date": null,
        "tag": "django",
        "slug": "django"
    }
},
{
    "model": "resume.tag",
    "pk": 7,
    "fields": {
        "created_date": "2017-03-22T10:29:20.393Z",
        "modified_date": "2017-03-22T10:29:20.393Z",
        "deleted_date": null,
        "tag": "django-admin",
        "slug": "django-admin"
    }
},
{
    "model": "resume.tag",
    "pk": 8,
    "fields": {
        "created_date": "2017-03-22T10:29:20.426Z",
        "modified_date": "2017-03-22T10:29:20.426Z",
        "deleted_date": null,
        "tag": "primes",
        "slug": "primes"
    }
},
{
    "model": "resume.tag",
    "pk": 9,
    "fields": {
        "created_date": "2017-03-22T10:29:21.649Z",
        "modified_date": "2017-03-22T10:29:21.649Z",
        "deleted_date": null,
        "tag": "cherrypy",
        "slug": "cherrypy"
    }
},
{
    "model": "resume.tag",
    "pk": 10,
    "fields": {
        "created_date": "2017-03-22T10:29:21.705Z",
        "modified_date": "2017-03-22T10:29:21.705Z",
        "deleted_date": null,
        "tag": "decorator",
        "slug": "decorator"
    }
},
{
    "model": "resume.tag",
    "pk": 11,
    "fields": {
        "created_date": "2017-03-22T10:29:21.761Z",
        "modified_date": "2017-03-22T10:29:21.761Z",
        "deleted_date": null,
        "tag": "java",
        "slug": "java"
    }
},
{
    "model": "resume.tag",
    "pk": 12,
    "fields": {
        "created_date": "2017-03-22T10:29:21.816Z",
        "modified_date": "2017-03-22T10:29:21.816Z",
        "deleted_date": null,
        "tag": "sql",
        "slug": "sql"
    }
},
{
    "model": "resume.tag",
    "pk": 13,
    "fields": {
        "created_date": "2017-03-22T10:29:21.851Z",
        "modified_date": "2017-03-22T10:29:21.851Z",
        "deleted_date": null,
        "tag": "arguments",
        "slug": "arguments"
    }
},
{
    "model": "resume.tag",
    "pk": 14,
    "fields": {
        "created_date": "2017-03-22T10:29:21.895Z",
        "modified_date": "2017-03-22T10:29:21.895Z",
        "deleted_date": null,
        "tag": "attributes",
        "slug": "attributes"
    }
},
{
    "model": "resume.tag",
    "pk": 15,
    "fields": {
        "created_date": "2017-03-22T10:29:21.958Z",
        "modified_date": "2017-03-22T10:29:21.958Z",
        "deleted_date": null,
        "tag": "object",
        "slug": "object"
    }
},
{
    "model": "resume.tag",
    "pk": 16,
    "fields": {
        "created_date": "2017-03-22T10:29:22.015Z",
        "modified_date": "2017-03-22T10:29:22.015Z",
        "deleted_date": null,
        "tag": "regex",
        "slug": "regex"
    }
},
{
    "model": "resume.tag",
    "pk": 17,
    "fields": {
        "created_date": "2017-03-22T10:29:22.071Z",
        "modified_date": "2017-03-22T10:29:22.071Z",
        "deleted_date": null,
        "tag": "reduce",
        "slug": "reduce"
    }
},
{
    "model": "resume.tag",
    "pk": 18,
    "fields": {
        "created_date": "2017-03-22T10:29:22.127Z",
        "modified_date": "2017-03-22T10:29:22.127Z",
        "deleted_date": null,
        "tag": "lambda",
        "slug": "lambda"
    }
},
{
    "model": "resume.tag",
    "pk": 19,
    "fields": {
        "created_date": "2017-03-22T10:29:22.172Z",
        "modified_date": "2017-03-22T10:29:22.172Z",
        "deleted_date": null,
        "tag": "zombie-process",
        "slug": "zombie-process"
    }
},
{
    "model": "resume.tag",
    "pk": 20,
    "fields": {
        "created_date": "2017-03-22T10:29:22.207Z",
        "modified_date": "2017-03-22T10:29:22.207Z",
        "deleted_date": null,
        "tag": "linux",
        "slug": "linux"
    }
},
{
    "model": "resume.tag",
    "pk": 21,
    "fields": {
        "created_date": "2017-03-22T10:29:22.240Z",
        "modified_date": "2017-03-22T10:29:22.241Z",
        "deleted_date": null,
        "tag": "c",
        "slug": "c"
    }
},
{
    "model": "resume.tag",
    "pk": 22,
    "fields": {
        "created_date": "2017-03-22T10:29:22.285Z",
        "modified_date": "2017-03-22T10:29:22.285Z",
        "deleted_date": null,
        "tag": "xslt",
        "slug": "xslt"
    }
},
{
    "model": "resume.tag",
    "pk": 23,
    "fields": {
        "created_date": "2017-03-22T10:29:22.319Z",
        "modified_date": "2017-03-22T10:29:22.319Z",
        "deleted_date": null,
        "tag": "html",
        "slug": "html"
    }
},
{
    "model": "resume.tag",
    "pk": 24,
    "fields": {
        "created_date": "2017-03-22T10:29:22.365Z",
        "modified_date": "2017-03-22T10:29:22.365Z",
        "deleted_date": null,
        "tag": "xpath",
        "slug": "xpath"
    }
},
{
    "model": "resume.tag",
    "pk": 25,
    "fields": {
        "created_date": "2017-03-22T10:29:22.421Z",
        "modified_date": "2017-03-22T10:29:22.421Z",
        "deleted_date": null,
        "tag": "xml",
        "slug": "xml"
    }
},
{
    "model": "resume.tag",
    "pk": 26,
    "fields": {
        "created_date": "2017-03-22T10:29:22.477Z",
        "modified_date": "2017-03-22T10:29:22.477Z",
        "deleted_date": null,
        "tag": "process",
        "slug": "process"
    }
},
{
    "model": "resume.tag",
    "pk": 27,
    "fields": {
        "created_date": "2017-03-22T10:29:22.510Z",
        "modified_date": "2017-03-22T10:29:22.510Z",
        "deleted_date": null,
        "tag": "string",
        "slug": "string"
    }
},
{
    "model": "resume.tag",
    "pk": 28,
    "fields": {
        "created_date": "2017-03-22T10:29:22.545Z",
        "modified_date": "2017-03-22T10:29:22.545Z",
        "deleted_date": null,
        "tag": "mongodb",
        "slug": "mongodb"
    }
},
{
    "model": "resume.tag",
    "pk": 29,
    "fields": {
        "created_date": "2017-03-22T10:29:22.579Z",
        "modified_date": "2017-03-22T10:29:22.579Z",
        "deleted_date": null,
        "tag": "django-models",
        "slug": "django-models"
    }
},
{
    "model": "resume.tag",
    "pk": 30,
    "fields": {
        "created_date": "2017-03-22T10:29:22.613Z",
        "modified_date": "2017-03-22T10:29:22.613Z",
        "deleted_date": null,
        "tag": "math",
        "slug": "math"
    }
},
{
    "model": "resume.tag",
    "pk": 31,
    "fields": {
        "created_date": "2017-03-22T10:29:22.647Z",
        "modified_date": "2017-03-22T10:29:22.647Z",
        "deleted_date": null,
        "tag": "algorithm",
        "slug": "algorithm"
    }
},
{
    "model": "resume.tag",
    "pk": 32,
    "fields": {
        "created_date": "2017-03-22T10:29:22.681Z",
        "modified_date": "2017-03-22T10:29:22.681Z",
        "deleted_date": null,
        "tag": "python",
        "slug": "python-2"
    }
},
{
    "model": "resume.tag",
    "pk": 33,
    "fields": {
        "created_date": "2017-03-22T10:29:22.737Z",
        "modified_date": "2017-03-22T10:29:22.737Z",
        "deleted_date": null,
        "tag": "django",
        "slug": "django-2"
    }
},
{
    "model": "resume.tag",
    "pk": 34,
    "fields": {
        "created_date": "2017-03-22T10:29:22.782Z",
        "modified_date": "2017-03-22T10:29:22.782Z",
        "deleted_date": null,
        "tag": "django-models",
        "slug": "django-models-2"
    }
},
{
    "model": "resume.tag",
    "pk": 35,
    "fields": {
        "created_date": "2017-03-22T10:29:22.839Z",
        "modified_date": "2017-03-22T10:29:22.839Z",
        "deleted_date": null,
        "tag": "bash",
        "slug": "bash"
    }
},
{
    "model": "resume.tag",
    "pk": 36,
    "fields": {
        "created_date": "2017-03-22T10:29:22.872Z",
        "modified_date": "2017-03-22T10:29:22.872Z",
        "deleted_date": null,
        "tag": "postgresql",
        "slug": "postgresql"
    }
},
{
    "model": "resume.tag",
    "pk": 37,
    "fields": {
        "created_date": "2017-03-22T10:29:22.906Z",
        "modified_date": "2017-03-22T10:29:22.907Z",
        "deleted_date": null,
        "tag": "google-app-engine",
        "slug": "google-app-engine"
    }
},
{
    "model": "resume.tag",
    "pk": 38,
    "fields": {
        "created_date": "2017-03-22T10:29:22.941Z",
        "modified_date": "2017-03-22T10:29:22.941Z",
        "deleted_date": null,
        "tag": "django-templates",
        "slug": "django-templates"
    }
},
{
    "model": "resume.tag",
    "pk": 39,
    "fields": {
        "created_date": "2017-03-22T10:29:22.975Z",
        "modified_date": "2017-03-22T10:29:22.975Z",
        "deleted_date": null,
        "tag": "datetime",
        "slug": "datetime"
    }
},
{
    "model": "resume.tag",
    "pk": 40,
    "fields": {
        "created_date": "2017-03-22T10:29:23.009Z",
        "modified_date": "2017-03-22T10:29:23.009Z",
        "deleted_date": null,
        "tag": "beautifulsoup",
        "slug": "beautifulsoup"
    }
},
{
    "model": "resume.tag",
    "pk": 41,
    "fields": {
        "created_date": "2017-03-22T10:29:23.054Z",
        "modified_date": "2017-03-22T10:29:23.054Z",
        "deleted_date": null,
        "tag": "csv",
        "slug": "csv"
    }
},
{
    "model": "resume.tag",
    "pk": 42,
    "fields": {
        "created_date": "2017-03-22T10:29:23.088Z",
        "modified_date": "2017-03-22T10:29:23.088Z",
        "deleted_date": null,
        "tag": "psycopg2",
        "slug": "psycopg2"
    }
},
{
    "model": "resume.tag",
    "pk": 43,
    "fields": {
        "created_date": "2017-03-22T10:29:23.122Z",
        "modified_date": "2017-03-22T10:29:23.122Z",
        "deleted_date": null,
        "tag": "apache2",
        "slug": "apache2"
    }
},
{
    "model": "resume.tag",
    "pk": 44,
    "fields": {
        "created_date": "2017-03-22T10:29:23.157Z",
        "modified_date": "2017-03-22T10:29:23.157Z",
        "deleted_date": null,
        "tag": "screen-scraping",
        "slug": "screen-scraping"
    }
},
{
    "model": "resume.tag",
    "pk": 45,
    "fields": {
        "created_date": "2017-03-22T10:29:23.191Z",
        "modified_date": "2017-03-22T10:29:23.191Z",
        "deleted_date": null,
        "tag": "sql",
        "slug": "sql-2"
    }
},
{
    "model": "resume.tag",
    "pk": 46,
    "fields": {
        "created_date": "2017-03-22T10:29:23.236Z",
        "modified_date": "2017-03-22T10:29:23.236Z",
        "deleted_date": null,
        "tag": "string",
        "slug": "string-2"
    }
},
{
    "model": "resume.tag",
    "pk": 47,
    "fields": {
        "created_date": "2017-03-22T10:29:23.291Z",
        "modified_date": "2017-03-22T10:29:23.291Z",
        "deleted_date": null,
        "tag": "ubuntu",
        "slug": "ubuntu"
    }
},
{
    "model": "resume.tag",
    "pk": 48,
    "fields": {
        "created_date": "2017-03-22T10:29:23.325Z",
        "modified_date": "2017-03-22T10:29:23.325Z",
        "deleted_date": null,
        "tag": "sitemap",
        "slug": "sitemap"
    }
},
{
    "model": "resume.tag",
    "pk": 49,
    "fields": {
        "created_date": "2017-03-22T10:29:23.360Z",
        "modified_date": "2017-03-22T10:29:23.360Z",
        "deleted_date": null,
        "tag": "mod-python",
        "slug": "mod-python"
    }
},
{
    "model": "resume.github",
    "pk": 1,
    "fields": {
        "created_date": "2017-03-22T10:29:24.573Z",
        "modified_date": "2017-03-22T10:29:24.573Z",
        "deleted_date": null,
        "resume": "0bdafba6-d046-48cc-9127-5e53b6056600",
        "user_id": 33816,
        "user_name": "atifh",
        "profile_name": "Atif Haider",
        "email": "mail@atifhaider.com",
        "profile_url": "https://github.com/atifh",
        "profile_image_url": "https://avatars1.githubusercontent.com/u/33816?v=3",
        "gists_url": "https://api.github.com/users/atifh/gists",
        "location": "Bangalore",
        "blog_url": "http://atifhaider.com/",
        "company": "http://aircto.com",
        "followers": 8,
        "following": 6,
        "hireable": null,
        "public_repos": 11,
        "total_private_repos": null,
        "owned_private_repos": null,
        "public_gists": 0,
        "private_gists": null,
        "account_created_at": "2008-11-11",
        "repo_updated_at": "2016-06-09T05:45:17Z",
        "account_modified_at": "2016-06-09T05:45:17Z",
        "reputation_score": 0.02,
        "contribution_score": 0.1,
        "activity_score": 0.1
    }
},
{
    "model": "resume.stackoverflow",
    "pk": 1,
    "fields": {
        "created_date": "2017-03-22T10:29:20.059Z",
        "modified_date": "2017-03-22T10:29:23.405Z",
        "deleted_date": null,
        "resume": "0bdafba6-d046-48cc-9127-5e53b6056600",
        "user_id": 56183,
        "profile_name": "aatifh",
        "location": "Pune, India",
        "website_url": "http://atifhaider.com/",
        "profile_url": "http://stackoverflow.com/users/56183",
        "profile_image_url": "https://i.stack.imgur.com/DKpVe.jpg?s=128&g=1",
        "reputation": 1715,
        "gold_badges_count": 1,
        "silver_badges_count": 20,
        "bronze_badges_count": 29,
        "account_creation_date": "2009-01-17T13:00:50Z",
        "last_access_date": "2017-03-17T11:16:53Z",
        "is_moderator": false,
        "total_no_questions": 17,
        "total_no_answers": 26,
        "reputation_change_month": 0,
        "reputation_change_quarter": 10,
        "reputation_change_year": 10,
        "reputation_score": 0.36,
        "contribution_score": 0.2,
        "activity_score": 0.1,
        "top_answer_tags": [
            31,
            3,
            13,
            14,
            21,
            4,
            9,
            2,
            10,
            6,
            7,
            29,
            5,
            23,
            11,
            18,
            20,
            30,
            28,
            15,
            8,
            26,
            1,
            17,
            16,
            12,
            27,
            25,
            24,
            22,
            19
        ],
        "top_question_tags": [
            43,
            35,
            40,
            41,
            39,
            33,
            34,
            38,
            37,
            49,
            36,
            42,
            32,
            44,
            48,
            45,
            46,
            47
        ]
    }
},
{
    "model": "resume.blog",
    "pk": 1,
    "fields": {
        "created_date": "2017-03-22T10:29:29.678Z",
        "modified_date": "2017-03-22T10:29:29.678Z",
        "deleted_date": null,
        "resume": "0bdafba6-d046-48cc-9127-5e53b6056600",
        "reputation_score": 0.0,
        "contribution_score": 0.0,
        "activity_score": 0.4,
        "url": "https://aircto.com/blog/"
    }
},
{
    "model": "resume.website",
    "pk": 1,
    "fields": {
        "created_date": "2017-03-22T10:29:31.627Z",
        "modified_date": "2017-03-22T10:29:31.627Z",
        "deleted_date": null,
        "resume": "0bdafba6-d046-48cc-9127-5e53b6056600",
        "reputation_score": 0.0,
        "contribution_score": 0.25,
        "activity_score": 0.0,
        "url": "http://atifhaider.com/"
    }
}
]
